"","nom_commun","genre","espece","variete","nb"
"1","","","","",55663
"2","","ABIES","NORDMANIANA","",1
"3","","AUTRE","","",9
"4","","AUTRE","ALBIDUM","",5
"5","","AUTRE","AMURENSIS","",1
"6","","AUTRE","AUTRE","",37
"7","","AUTRE","AUTRE","AUTRE",1
"8","","AUTRE","DULCIS","",3
"9","","AUTRE","EUROPEA","",5
"10","","AUTRE","JAPONICA","",2
"11","","AUTRE","MAACKII","",3
"12","","AUTRE","NIGRA","",1
"13","","AUTRE","TRIFOLIATA","",1
"14","","BETULA","","",1
"15","","BETULA","VERRUCOSA","",1
"16","","QUERCUS","PEDONCULA","",13
"17","","QUERCUS","ROBUR","",1
"18","ABRE AUX PAGODES","SOPHORA","JAPONICA","",2
"19","ACACIA","ACACIA","","",19
"20","ACACIA","ACACIA","AUTRE","",2
"21","ACACIA","ACACIA","DEALBATA","",7
"22","ACACIA","ACACIA","PSEUDOACACIA","",3
"23","AILANTHE","AILANTHUS","","",3
"24","AILANTHE","AILANTHUS","ALTISSIMA","",8
"25","AILANTHE","AILANTHUS","GLANDULOSA","",2
"26","ALIBOUFIER","STYRAX","JAPONICA","",1
"27","ALIBOUFIER","STYRAX","JAPONICUM","",1
"28","ALIBOUFIER","STYRAX","JAPONICUS","",1
"29","AMELANCHIER","AMELANCHIER","","",42
"30","AMELANCHIER","AMELANCHIER","ARBOREA","",2
"31","AMELANCHIER","AMELANCHIER","ARBOREA","ROBIN HILL",7
"32","AMELANCHIER","AMELANCHIER","AUTRE","",13
"33","AMELANCHIER","AMELANCHIER","CANADENSIS","",85
"34","AMELANCHIER","AMELANCHIER","GRANDIFLORA","ROBIN HILL",1
"35","AMELANCHIER","AMELANCHIER","LAMARCKII","",54
"36","ARAUCARIA DE CHINE","CUNNINGHAMIA","LANCEOLATA","",1
"37","ARBOUSIER","ARBUTUS","","",6
"38","ARBOUSIER","ARBUTUS","AUTRE","",6
"39","ARBOUSIER","ARBUTUS","UNEDO","",5
"40","ARBRE A CARAMEL","CERCIDIPHYLLUM","","",4
"41","ARBRE A CARAMEL","CERCIDIPHYLLUM","JAPONICUM","",29
"42","ARBRE A GOMME","EUCOMMIA","","",1
"43","ARBRE A GOMME","EUCOMMIA","ULMOIDES","",1
"44","ARBRE A MIEL","EUODIA","DANIELLII","",24
"45","ARBRE A NEIGE","CHIONANTHUS","RETUSUS","",8
"46","ARBRE A SOIE","ALBIZZIA","","",3
"47","ARBRE A SOIE","ALBIZZIA","JULIBRISSIN","",33
"48","ARBRE A SOIE","ALBIZZIA","JULIBRISSIN","OMBRELLA",11
"49","ARBRE A SOIE","ALBIZZIA","JULIBRISSIN","UMBRELLA",1
"50","ARBRE AU LIEGE DE L'AMOUR","AUTRE","AMURENSIS","",1
"51","ARBRE AUX 40 ECUS","GINKGO","BILOBA","",1
"52","ARBRE AUX CLOCHES D'ARGENT","HALESIA","","",1
"53","ARBRE AUX CLOCHES D'ARGENT","HALESIA","AUTRE","",1
"54","ARBRE AUX CLOCHES D'ARGENT","HALESIA","CAROLINA","",7
"55","ARBRE AUX ECUS","GINKGO","BILOBA","",1
"56","ARBRE AUX HARICOTS","CATALPA","","",13
"57","ARBRE AUX HARICOTS","CATALPA","AUTRE","",1
"58","ARBRE AUX HARICOTS","CATALPA","BIGNONIOIDES","",63
"59","ARBRE AUX HARICOTS","CATALPA","BIGNONIOIDES","NANA",1
"60","ARBRE AUX HARICOTS","CATALPA","OVATA","",1
"61","ARBRE AUX LANTERNES","CRINODENDRON","HOOKERIANUM","",1
"62","ARBRE AUX MOUCHOIRS","DAVIDIA","","",1
"63","ARBRE AUX MOUCHOIRS","DAVIDIA","INVOLUCRATA","",3
"64","ARBRE AUX PAGODES","SOPHORA","","",12
"65","ARBRE AUX PAGODES","SOPHORA","JAPONICA","",61
"66","ARBRE AUX PAGODES","SOPHORA","JAPONICA","PENDULA",2
"67","ARBRE AUX QUARANTE ECUS","GINKGO","","",2
"68","ARBRE AUX QUARANTE ECUS","GINKGO","BILOBA","",26
"69","ARBRE DE FEU DU CHILI","EMBOTHRIUM","COCCINEUM","",1
"70","ARBRE DE JUDEE","CERCIS","","",29
"71","ARBRE DE JUDEE","CERCIS","CANADENSIS","",4
"72","ARBRE DE JUDEE","CERCIS","CHINENSIS","AVONDALE",4
"73","ARBRE DE JUDEE","CERCIS","SILIQUASTRUM","",95
"74","ARBRE DE JUDEE","CERCIS","SILIQUASTRUM","ALBA",2
"75","ARBRE DES 7 FILS","AUTRE","AUTRE","",2
"76","AUBEPINE","CRATAEGUS","","",75
"77","AUBEPINE","CRATAEGUS","AUTRE","CARRIERI",2
"78","AUBEPINE","CRATAEGUS","LAEVIGATA","",5
"79","AUBEPINE","CRATAEGUS","LAEVIGATA","PAUL'S SCARLET",3
"80","AUBEPINE","CRATAEGUS","MONOGYMA","",3
"81","AUBEPINE","CRATAEGUS","MONOGYNA","",17
"82","AUBEPINE","CRATAEGUS","MONOPHYLLA","",5
"83","AUBEPINE","CRATAEGUS","OXYACANTHA","",6
"84","AUBEPINE","CRATAEGUS","X GRIGNONENSIS","",3
"85","AULNE","ALNUS","","",15
"86","AULNE","ALNUS","CORDATA","",32
"87","AULNE","ALNUS","CORDATA","AUTRE",1
"88","AULNE","ALNUS","GLUTINOSA","",117
"89","AULNE","ALNUS","INCANA","",10
"90","AULNE","ALNUS","LACINIATA","",4
"91","AULNE","ALNUS","X SPAETHII","",23
"92","BOULEAU","BETULA","","",118
"93","BOULEAU","BETULA","","ALBA",1
"94","BOULEAU","BETULA","","PENDULA",7
"95","BOULEAU","BETULA","ALBA","",68
"96","BOULEAU","BETULA","AUTRE","",3
"97","BOULEAU","BETULA","AUTRE","PENDULA",1
"98","BOULEAU","BETULA","JACQUEMONTIANA","",11
"99","BOULEAU","BETULA","NIGRA","",1
"100","BOULEAU","BETULA","PENDULA","",9
"101","BOULEAU","BETULA","PENDULA","YOUNGII",1
"102","BOULEAU","BETULA","UTILIS","",57
"103","BOULEAU","BETULA","UTILIS","AUTRE",3
"104","BOULEAU","BETULA","VERRUCOSA","",355
"105","BOULEAU","BETULA","VERRUCOSA","ALBA",2
"106","BOULEAU","BETULA","VERRUCOSA","LACINIATA",1
"107","BOULEAU","BETULA","VERRUCOSA","PENDULA",3
"108","BOULEAU","BETULA","VERRUCOSA","TRISTIS",1
"109","BOULEAU","BETULA","VERTICILLATA","",1
"110","BOURDAINE","RHAMNUS","ALATERNUS","",1
"111","BUIS","BUXUS","","",1
"112","BUIS","BUXUS","SEMPERVIRENS","",2
"113","CAMELIA SOYEUX","STEWARTIA","PSEUDOCAMELIA","",2
"114","CARPINUS","CARPINUS","","",1
"115","CARYA","AUTRE","AUTRE","",2
"116","CEDRE","AILANTHUS","","",1
"117","CEDRE","CEDRUS","","",64
"118","CEDRE","CEDRUS","","GLAUCA",2
"119","CEDRE","CEDRUS","","RAYWOOD",1
"120","CEDRE","CEDRUS","ATLANTICA","",12
"121","CEDRE","CEDRUS","ATLANTICA","AUREA",2
"122","CEDRE","CEDRUS","ATLANTICA","AUREA ROBUSTA",4
"123","CEDRE","CEDRUS","ATLANTICA","GLAUCA",50
"124","CEDRE","CEDRUS","DEODARA","",12
"125","CEDRE","CEDRUS","DEODARA","AUREA",14
"126","CEDRE","CEDRUS","DEODARA","GLAUCA",3
"127","CEDRE","CEDRUS","LIBANII","",5
"128","CEDRE BLANC","CALLOCEDRUS","","",1
"129","CEDRE BLANC","CALLOCEDRUS","DECCURENS","",3
"130","CEDRE BLANC","CALLOCEDRUS","DECCURENS","AUREO-VARIEGATUM",1
"131","CEDRE DU JAPON","CRYPTOMERIA","JAPONICA","",6
"132","CEDRE DU JAPON","CRYPTOMERIA","JAPONICA","CRISTATA",2
"133","CEDRE DU JAPON","CRYPTOMERIA","JAPONICA","ELEGANS",1
"134","CEDRELE","CEDRELA","","",4
"135","CEDRELE","CEDRELA","SINENSIS","",3
"136","CEDRELE","CEDRELA","SINENSIS","FLAMINGO",1
"137","CEPHALOTAXE DE FORTUNE","CEPHALOTAXUS","","",1
"138","CEPHALOTAXE DE FORTUNE","CEPHALOTAXUS","HARRINGTONIA","",2
"139","CERISIER","PRUNUS","","",114
"140","CERISIER","PRUNUS","","ACCOLADE",18
"141","CERISIER","PRUNUS","","AUTUMNALIS",1
"142","CERISIER","PRUNUS","","FASTIGIATA",1
"143","CERISIER","PRUNUS","","MIRABELLE DE NANCY",6
"144","CERISIER","PRUNUS","","MOSERI",1
"145","CERISIER","PRUNUS","","NEW RED",1
"146","CERISIER","PRUNUS","","PISSARDII",20
"147","CERISIER","PRUNUS","","REINE CLAUDE DOREE",3
"148","CERISIER","PRUNUS","","SHIROFUGEN",1
"149","CERISIER","PRUNUS","","TAIHAKU",2
"150","CERISIER","PRUNUS","ACCOLADE","",16
"151","CERISIER","PRUNUS","ACCOLADE","PISSARDII",1
"152","CERISIER","PRUNUS","AMERICANA","",1
"153","CERISIER","PRUNUS","AMYGDALUS","",5
"154","CERISIER","PRUNUS","AUTRE","",35
"155","CERISIER","PRUNUS","AUTRE","AMANOGAWA",1
"156","CERISIER","PRUNUS","AUTRE","AUTRE",11
"157","CERISIER","PRUNUS","AUTRE","MIRABELLE DE NANCY",3
"158","CERISIER","PRUNUS","AUTRE","NEW RED",2
"159","CERISIER","PRUNUS","AUTRE","PISSARDII",1
"160","CERISIER","PRUNUS","AVIUM","",189
"161","CERISIER","PRUNUS","AVIUM","'PLENA'",1
"162","CERISIER","PRUNUS","AVIUM","AUTRE",3
"163","CERISIER","PRUNUS","AVIUM","FLORE PLENA",3
"164","CERISIER","PRUNUS","AVIUM","FLORE PLENO",1
"165","CERISIER","PRUNUS","AVIUM","PLENA",94
"166","CERISIER","PRUNUS","BIGARREAU","",6
"167","CERISIER","PRUNUS","BIGARREAU","AUTRE",1
"168","CERISIER","PRUNUS","BIGARREAU","CŒUR DE PIGEON",3
"169","CERISIER","PRUNUS","CERASIFERA","",9
"170","CERISIER","PRUNUS","CERASIFERA","PISSARDII",19
"171","CERISIER","PRUNUS","CERASUS","",7
"172","CERISIER","PRUNUS","CERASUS","AUTRE",2
"173","CERISIER","PRUNUS","CERASUS","CŒUR DE PIGEON",3
"174","CERISIER","PRUNUS","CERASUS","NEW RED",1
"175","CERISIER","PRUNUS","DOMESTICA","",29
"176","CERISIER","PRUNUS","DOMESTICA","AUTRE",11
"177","CERISIER","PRUNUS","DOMESTICA","MIRABELLE DE NANCY",16
"178","CERISIER","PRUNUS","DOMESTICA","QUETSCHE D'ALSACE",1
"179","CERISIER","PRUNUS","DOMESTICA","REINE CLAUDE BAVAY",2
"180","CERISIER","PRUNUS","DOMESTICA","REINE CLAUDE D'OULINS",1
"181","CERISIER","PRUNUS","DOMESTICA","REINE CLAUDE DOREE",2
"182","CERISIER","PRUNUS","DULCIS","",2
"183","CERISIER","PRUNUS","DULCIS","ROSEA",1
"184","CERISIER","PRUNUS","EXCELSA","",1
"185","CERISIER","PRUNUS","HILLIERI","SPIRE",1
"186","CERISIER","PRUNUS","LUSITANICA","",4
"187","CERISIER","PRUNUS","LUSITANICA","VARIEGATA",1
"188","CERISIER","PRUNUS","MAACKII","",2
"189","CERISIER","PRUNUS","MAACKII","AMBER BEAUTY",38
"190","CERISIER","PRUNUS","MYROBOLAN","",3
"191","CERISIER","PRUNUS","PADUS","",81
"192","CERISIER","PRUNUS","PANDORA","",6
"193","CERISIER","PRUNUS","PERSICA","",3
"194","CERISIER","PRUNUS","PERSICA","AUTRE",2
"195","CERISIER","PRUNUS","PERSICA","PECHE DE VIGNE",1
"196","CERISIER","PRUNUS","PERSICA","SANGUINE",2
"197","CERISIER","PRUNUS","SARGENTII","",2
"198","CERISIER","PRUNUS","SARGENTII","ACCOLADE",1
"199","CERISIER","PRUNUS","SEROTINA","",1
"200","CERISIER","PRUNUS","SERRATA","",7
"201","CERISIER","PRUNUS","SERRULA","",11
"202","CERISIER","PRUNUS","SERRULA","NEW RED",1
"203","CERISIER","PRUNUS","SERRULA","SHIROFUGEN",1
"204","CERISIER","PRUNUS","SERRULA","TIBETICA",5
"205","CERISIER","PRUNUS","SERRULATA","",204
"206","CERISIER","PRUNUS","SERRULATA","AMANOGAWA",10
"207","CERISIER","PRUNUS","SERRULATA","AUTRE",3
"208","CERISIER","PRUNUS","SERRULATA","HISAKURA",1
"209","CERISIER","PRUNUS","SERRULATA","JAMES H. WEITCH",1
"210","CERISIER","PRUNUS","SERRULATA","KANZAN",28
"211","CERISIER","PRUNUS","SERRULATA","NEW RED",9
"212","CERISIER","PRUNUS","SERRULATA","SHIROFUGEN",5
"213","CERISIER","PRUNUS","SERRULATA","SHIROTAE",5
"214","CERISIER","PRUNUS","SERRULATA","STRICTA",3
"215","CERISIER","PRUNUS","SERRULATA","TAIHAKU",35
"216","CERISIER","PRUNUS","SPIRE","FASTIGIÉ",1
"217","CERISIER","PRUNUS","SUBER","AUTUMNALIS",3
"218","CERISIER","PRUNUS","SUBHIRTELLA","",8
"219","CERISIER","PRUNUS","SUBHIRTELLA","ACCOLADE",5
"220","CERISIER","PRUNUS","SUBHIRTELLA","AUTUMNALIS",83
"221","CERISIER","PRUNUS","SUBHIRTELLA","AUTUMNALIS ROSEA",1
"222","CERISIER","PRUNUS","SUBHIRTELLA","OMBRELLA",3
"223","CERISIER","PRUNUS","SUBHIRTELLA","PENDULA",1
"224","CERISIER","PRUNUS","SUBHIRTELLA","PENDULA ROSEA",1
"225","CERISIER","PRUNUS","SYLVESTRIS","",2
"226","CERISIER","PRUNUS","X YEDOENSIS","",16
"227","CHARME","CARPINUS","","",116
"228","CHARME","CARPINUS","BETULUS","",177
"229","CHARME","CARPINUS","BETULUS","FASTIGIATA",27
"230","CHARME","CARPINUS","BETULUS","FRANS FONTAINE",1
"231","CHARME","CARPINUS","BETULUS","PYRAMIDALIS",11
"232","CHARME HOUBLON","OSTRYA","","",17
"233","CHARME HOUBLON","OSTRYA","AUTRE","AUTRE",2
"234","CHARME HOUBLON","OSTRYA","CARPINIFOLIA","",87
"235","CHATAIGNER","CASTANEA","SATIVA","",1
"236","CHATAIGNIER","CASTANEA","","",42
"237","CHATAIGNIER","CASTANEA","","AUTRE",2
"238","CHATAIGNIER","CASTANEA","AUTRE","",2
"239","CHATAIGNIER","CASTANEA","SATIVA","",81
"240","CHATAIGNIER","CASTANEA","SATIVA","AUTRE",1
"241","CHATAIGNIER","CASTANEA","SATIVA","MARRON DE REDON",2
"242","CHENE","","","",4
"243","CHENE","QUERCUS","","",657
"244","CHENE","QUERCUS","","PHELLOS",1
"245","CHENE","QUERCUS","ALBA","",1
"246","CHENE","QUERCUS","AUTRE","",22
"247","CHENE","QUERCUS","CANARIENSIS","",1
"248","CHENE","QUERCUS","CASTANAEFOLIA","",1
"249","CHENE","QUERCUS","CASTANEIFOLIA","",2
"250","CHENE","QUERCUS","CERRIS","",76
"251","CHENE","QUERCUS","COCCINEA","",8
"252","CHENE","QUERCUS","DENTATA","",1
"253","CHENE","QUERCUS","DENUDATA","",5
"254","CHENE","QUERCUS","ILEX","",230
"255","CHENE","QUERCUS","MIRBECKII","",45
"256","CHENE","QUERCUS","PALUSTRIS","",240
"257","CHENE","QUERCUS","PEDONCULA","",20
"258","CHENE","QUERCUS","PETRAEA","",52
"259","CHENE","QUERCUS","ROBUR","",1376
"260","CHENE","QUERCUS","ROBUR","ATROPURPUREA",1
"261","CHENE","QUERCUS","ROBUR","AUTRE",1
"262","CHENE","QUERCUS","ROBUR","FASTIGIATA",7
"263","CHENE","QUERCUS","ROBUR","PYRAMIDALIS",1
"264","CHENE","QUERCUS","RUBRA","",263
"265","CHENE","QUERCUS","SINENSIS","",1
"266","CHENE","QUERCUS","SUBER","",11
"267","CHENE","QUERCUS","X EUCHLORA","",5
"268","CHITALPA","CHITALPA","","",6
"269","CHITALPA","CHITALPA","TASHKENTENSIS","",11
"270","CLERODENDRON","CLERODENDRON","TRICHOTOMUM","",11
"271","COGNASSIER","CYDONIA","","",4
"272","COGNASSIER","CYDONIA","","CHAMPION",2
"273","COGNASSIER","CYDONIA","","GEANT DE VRANJA",11
"274","COGNASSIER","CYDONIA","AUTRE","GEANT DE VRANJA",1
"275","COGNASSIER","CYDONIA","OBLONGA","",5
"276","COGNASSIER","CYDONIA","OBLONGA","AUTRE",3
"277","COGNASSIER","CYDONIA","OBLONGA","CHAMPION",5
"278","CORNOUILLER","CORNUS","","",5
"279","CORNOUILLER","CORNUS","AUTRE","",2
"280","CORNOUILLER","CORNUS","AUTRE","SANGUINE",5
"281","CORNOUILLER","CORNUS","CONTROVERSA","",4
"282","CORNOUILLER","CORNUS","CONTROVERSA","VARIEGATA",11
"283","CORNOUILLER","CORNUS","FLORIDA","",1
"284","CORNOUILLER","CORNUS","FLORIDA","CHEROKEE CHIEF",1
"285","CORNOUILLER","CORNUS","FLORIDA","RUBRA",2
"286","CORNOUILLER","CORNUS","KOUSA","",34
"287","CORNOUILLER","CORNUS","KOUSA","CHINENSIS",1
"288","CORNOUILLER","CORNUS","KOUSA","SATOMI",1
"289","CORNOUILLER","CORNUS","MACROCARPA","",1
"290","CORNOUILLER","CORNUS","MAS","",29
"291","CORNOUILLER","CORNUS","MAS","CEPEE",1
"292","COTONEASTER","COTONEASTER","","",2
"293","CYPRES","CUPRESSUS","","",11
"294","CYPRES","CUPRESSUS","ARIZONICA","",217
"295","CYPRES","CUPRESSUS","ARIZONICA","GLAUCA",9
"296","CYPRES","CUPRESSUS","LAMBERTII","AUREA",1
"297","CYPRES","CUPRESSUS","MACROCARPA","",7
"298","CYPRES","CUPRESSUS","SEMPERVIRENS","",22
"299","CYPRES","TAXODIUM","","",4
"300","CYPRES","TAXODIUM","DISTICHUM","",121
"301","CYPRES","XANTHOCYPARIS","NOOTKASENSIS","",1
"302","CYTISE D'ADAM","LABURNOCYTICUS","ADAMII","",1
"303","EPICEA COMMUN","PICEA","","",27
"304","EPICEA COMMUN","PICEA","AUTRE","",2
"305","EPICEA COMMUN","PICEA","AUTRE","GLAUCA",3
"306","EPICEA COMMUN","PICEA","EXCELSA","",10
"307","EPICEA COMMUN","PICEA","KOSTERIANA","GLAUCA",1
"308","EPICEA COMMUN","PICEA","ORIENTALIS","",1
"309","EPICEA COMMUN","PICEA","PUNGENS","KOSTERIANA",2
"310","EPICEA COMMUN","PICEA","SMITHIANA","",2
"311","ERABLE","ACER","","",196
"312","ERABLE","ACER","","GLOBOSUM",4
"313","ERABLE","ACER","","WIERI",7
"314","ERABLE","ACER","AUTRE","",57
"315","ERABLE","ACER","AUTRE","AUTRE",7
"316","ERABLE","ACER","AVIUM","",1
"317","ERABLE","ACER","CAMPESTRIS","",389
"318","ERABLE","ACER","CAMPESTRIS","AMANOGAWA",1
"319","ERABLE","ACER","CAMPESTRIS","AUTRE",1
"320","ERABLE","ACER","CAPPADOCICUM","",5
"321","ERABLE","ACER","DAVIDII","",27
"322","ERABLE","ACER","DISTICHUM","",2
"323","ERABLE","ACER","FREEMANII","",1
"324","ERABLE","ACER","FREEMANII","AUTUMN BLAZE",7
"325","ERABLE","ACER","GINNALA","",61
"326","ERABLE","ACER","GLOBOSUM","",17
"327","ERABLE","ACER","JAPONICUM","",2
"328","ERABLE","ACER","NEGUNDO","",61
"329","ERABLE","ACER","NEGUNDO","AUREA",15
"330","ERABLE","ACER","NEGUNDO","AUREO-VARIEGATUM",3
"331","ERABLE","ACER","NEGUNDO","AUREOMARGINATA",1
"332","ERABLE","ACER","NEGUNDO","PANACHE",1
"333","ERABLE","ACER","NEGUNDO","VARIEGATA",1
"334","ERABLE","ACER","NEGUNDO","VARIEGATUM",3
"335","ERABLE","ACER","NEGUNGO","",1
"336","ERABLE","ACER","NIGRA","",1
"337","ERABLE","ACER","ORIENTALIS","",1
"338","ERABLE","ACER","PALMATUM","",30
"339","ERABLE","ACER","PALMATUM","ATROPURPUREA",1
"340","ERABLE","ACER","PALMATUM","AUTRE",1
"341","ERABLE","ACER","PALMATUM","DISECTUM",1
"342","ERABLE","ACER","PALMATUM","OSAKAZUKI",4
"343","ERABLE","ACER","PALMATUM","SANGO KAKU",3
"344","ERABLE","ACER","PLATA","",1
"345","ERABLE","ACER","PLATANOIDES","",176
"346","ERABLE","ACER","PLATANOIDES","AUTRE",2
"347","ERABLE","ACER","PLATANOIDES","GLOBOSUM",30
"348","ERABLE","ACER","PLATANOIDES","POURPRE",3
"349","ERABLE","ACER","PLATANOIDES","SCHWEDLERI",6
"350","ERABLE","ACER","PSEUDOPLATANUS","",84
"351","ERABLE","ACER","PSEUDOPLATANUS","LEOPOLDII",1
"352","ERABLE","ACER","PSEUDOPLATANUS","PURPUREA",1
"353","ERABLE","ACER","PSEUDOPLATANUS","SCHWEDLERI",1
"354","ERABLE","ACER","SACCHARINUM","",40
"355","ERABLE","ACER","SACCHARINUM","LACINIATUM",3
"356","ERABLE","ACER","SACCHARINUM","PYRAMIDALIS",3
"357","ERABLE","ACER","SACCHARINUM","WIERI",40
"358","ERABLE","ACER","SCHWCLDERI","NIGRA",8
"359","ERABLE","ACER","SHIRASAWANUM","AUREUM",1
"360","ERABLE","GLEDITSIA","TRIACANTHOS","",1
"361","EUCALYPTUS","EUCALYPTUS","","",2
"362","EUCALYPTUS","EUCALYPTUS","GUNNII","",1
"363","FAUSSE SPIREE","SORBARIA","SORBIFOLIA","",1
"364","FAUX-CYPRES","CHAMAECYPARIS","","",49
"365","FAUX-CYPRES","CHAMAECYPARIS","AUTRE","",24
"366","FAUX-CYPRES","CHAMAECYPARIS","AUTRE","AUTRE",15
"367","FAUX-CYPRES","CHAMAECYPARIS","AUTRE","PENDULA",1
"368","FAUX-CYPRES","CHAMAECYPARIS","LAWSONIANA","",10
"369","FAUX-CYPRES","CHAMAECYPARIS","LAWSONIANA","GREEN SPIRE",2
"370","FAUX-CYPRES","CHAMAECYPARIS","LAWSONIANA","LANE",2
"371","FAUX-CYPRES","CHAMAECYPARIS","LAWSONIANA","NOOTKA",2
"372","FAUX-CYPRES","CHAMAECYPARIS","LAWSONIANA","STEWARTI",3
"373","FAUX-CYPRES","CHAMAECYPARIS","LAWSONIANA","WESTERMANI",1
"374","FAUX-CYPRES","CHAMAECYPARIS","LAWSONIANA","WESTERMANNII",5
"375","FAUX-CYPRES","CHAMAECYPARIS","LAWSONIANA","WISSELII",1
"376","FAUX-CYPRES","CHAMAECYPARIS","LAWSONIANA","WREDEI",1
"377","FAUX-CYPRES","CHAMAECYPARIS","NOOKENTENSIS","",35
"378","FAUX-CYPRES","CHAMAECYPARIS","OBTUSA","NANA GRACILIS",1
"379","FAUX-CYPRES","CHAMAECYPARIS","PISIFERA","SQUARROSA",1
"380","FAUX-CYPRES","CHAMAECYPARIS","STEWARTI","",14
"381","FAUX CYPRES","CHAMAECYPARIS","","",2
"382","FAUX CYPRES","CHAMAECYPARIS","LAWSONIANA","",1
"383","FAUX CYPRES","CHAMAECYPARIS","PISIFERA","",1
"384","FAUX EBENIER","LABURNUM","","",1
"385","FAUX EBENIER","LABURNUM","ANAGYROIDES","",1
"386","FAUX EBENIER","LABURNUM","AUTRE","",1
"387","FAUX EBENIER","LABURNUM","WATERERI","VOSSII",1
"388","FAUX PISTACHIER","STAPHYLLEA","COLCHICA","",11
"389","FIGUIER","FICUS","CARICA","",7
"390","FIGUIER","FICUS","CARICA","GRISE DE ST JEAN",1
"391","FIGUIER","FICUS","CARICA","RONDE DE BORDEAUX",1
"392","FILAIRE A FEUILLES ETROITES","PHILLYREA","LATIFOLIA","",2
"393","FRENE","FRAXINUS","","",79
"394","FRENE","FRAXINUS","AMERICANA","",5
"395","FRENE","FRAXINUS","ANGUSTIFOLIA","",29
"396","FRENE","FRAXINUS","ANGUSTIFOLIA","RAYWOOD",2
"397","FRENE","FRAXINUS","BAILEYANA","",1
"398","FRENE","FRAXINUS","EXCELSA","",3
"399","FRENE","FRAXINUS","EXCELSIOR","",210
"400","FRENE","FRAXINUS","EXCELSIOR","PENDULA",2
"401","FRENE","FRAXINUS","EXCELSIOR","TETARD",18
"402","FRENE","FRAXINUS","EXCELSIOR","WESTHOF'S GLORIE",34
"403","FRENE","FRAXINUS","MONOPHYLLA","",23
"404","FRENE","FRAXINUS","MONOPHYLLUM","",4
"405","FRENE","FRAXINUS","ORNUS","",154
"406","GENEVRIER","JUNIPERUS","","",1
"407","GENEVRIER","JUNIPERUS","AUTRE","AUTRE",1
"408","GENEVRIER","JUNIPERUS","CHINENSIS","",1
"409","GENEVRIER","JUNIPERUS","FILIFORMIS","",1
"410","GENEVRIER","JUNIPERUS","VIRGINIANA","AUTRE",1
"411","GENEVRIER","JUNIPERUS","VIRGINIANA","GLAUCA",1
"412","GLEDITSIA","GLEDITSIA","","",30
"413","GLEDITSIA","GLEDITSIA","TRIACANTHOS","",40
"414","GLEDITSIA","GLEDITSIA","TRIACANTHOS","INERMIS",52
"415","GLEDITSIA","GLEDITSIA","TRIACANTHOS","SHADEMASTER",42
"416","GLEDITSIA","GLEDITSIA","TRIACANTHOS","SKYLINE",8
"417","GLEDITSIA","GLEDITSIA","TRIACANTHOS","SUNBURST",8
"418","GRENADIER","PUNICA","GRANATUM","",6
"419","HETRE","FAGUS","","",32
"420","HETRE","FAGUS","AUTRE","",2
"421","HETRE","FAGUS","AUTRE","PURPUREA",1
"422","HETRE","FAGUS","LACINIATA","",1
"423","HETRE","FAGUS","SILIQUASTRUM","",1
"424","HETRE","FAGUS","SYLVATICA","",55
"425","HETRE","FAGUS","SYLVATICA","ASPLENIFOLIA",1
"426","HETRE","FAGUS","SYLVATICA","ATROPURPUREA",7
"427","HETRE","FAGUS","SYLVATICA","AUTRE",1
"428","HETRE","FAGUS","SYLVATICA","DAWYCK PURPLE",3
"429","HETRE","FAGUS","SYLVATICA","FASTIGIATA",16
"430","HETRE","FAGUS","SYLVATICA","LACINIATA",1
"431","HETRE","FAGUS","SYLVATICA","PENDULA",3
"432","HETRE","FAGUS","SYLVATICA","PURPUREA",9
"433","HETRE","FAGUS","SYLVATICA","ROSEA",2
"434","HETRE","FAGUS","SYLVATICA","ROSEA MARGINATA",1
"435","HETRE","FAGUS","SYLVATICA","VARIEGATA",1
"436","HETRE DE PERSE","HAMAMELIS","","",4
"437","HETRE DE PERSE","HAMAMELIS","MOLLIS","",2
"438","HETRE DE PERSE","PARROTIA","","",4
"439","HETRE DE PERSE","PARROTIA","BILOBA","",27
"440","HETRE DE PERSE","PARROTIA","PERSICA","",26
"441","HETRE DE PERSE","PARROTIA","PERSICA","VANESSA",3
"442","HOUX","ILEX","","",32
"443","HOUX","ILEX","","VARIEGATA",1
"444","HOUX","ILEX","AQUIFOLIUM","",59
"445","HOUX","ILEX","AQUIFOLIUM","ARGENTEOMARGINATA",1
"446","HOUX","ILEX","AQUIFOLIUM","AUREOMARGINATA",1
"447","HOUX","ILEX","AQUIFOLIUM","AUREUM",3
"448","HOUX","ILEX","AQUIFOLIUM","FEROX VARIEGATA",1
"449","HOUX","ILEX","AQUIFOLIUM","PANACHÉ",2
"450","HOUX","ILEX","AQUIFOLIUM","VARIEGATA",1
"451","HOUX","ILEX","AUTRE","",11
"452","HOUX","ILEX","GOLDEN HOMET","",1
"453","IDESIA","IDESIA","POLYCARPA","",2
"454","IF","TAXUS","","",109
"455","IF","TAXUS","AUTRE","AUREA",1
"456","IF","TAXUS","BACCATA","",333
"457","IF","TAXUS","BACCATA","FASTIGIATA",34
"458","IF CHILIEN","PRUMNOPITYS","ANDINA","",1
"459","KAKI","DIOSPYROS","KAKI","",2
"460","LAURIER DES IROQUOIS","SASSAFRAS","ALBIDUM","",3
"461","LILAS","SYRINGA","","",1
"462","LILAS","SYRINGA","AMURENSIS","",4
"463","LILAS","SYRINGA","AUTRE","",6
"464","LILAS","SYRINGA","CHINENSIS","",1
"465","LILAS","SYRINGA","VULGARIS","",2
"466","LILAS","SYRINGA","VULGARIS","AUTRE",1
"467","LILAS DES INDES","LAGERSTROEMIA","","",9
"468","LILAS DES INDES","LAGERSTROEMIA","INDICA","",22
"469","LILAS DES INDES","LAGERSTROEMIA","INDICA","AUTRE",6
"470","LIQUIDAMBAR","LIQUIDAMBAR","","",41
"471","LIQUIDAMBAR","LIQUIDAMBAR","STYRACIFLUA","",108
"472","LIQUIDAMBAR","LIQUIDAMBAR","STYRACIFLUA","AUTRE",2
"473","LIQUIDAMBAR","LIQUIDAMBAR","STYRACIFLUA","WORPLESDON",1
"474","MAGNIOLIA GRANDIFORA","","","",1
"475","MAGNOLIA","MAGNOLIA","","",59
"476","MAGNOLIA","MAGNOLIA","","BUTTERFLIES",1
"477","MAGNOLIA","MAGNOLIA","","LEONARD MESSEL",1
"478","MAGNOLIA","MAGNOLIA","ACUMINATA X DENUDATA","BUTTERFLIES",1
"479","MAGNOLIA","MAGNOLIA","AUTRE","",13
"480","MAGNOLIA","MAGNOLIA","AUTRE","AUTRE",1
"481","MAGNOLIA","MAGNOLIA","DENUDATA","",3
"482","MAGNOLIA","MAGNOLIA","DENUDATA","BUTTERFLIES",1
"483","MAGNOLIA","MAGNOLIA","DENUDATA","ELISABETH",1
"484","MAGNOLIA","MAGNOLIA","DENUDATA","GENIE",1
"485","MAGNOLIA","MAGNOLIA","GRANDIFLORA","",49
"486","MAGNOLIA","MAGNOLIA","GRANDIFLORA","AUTRE",1
"487","MAGNOLIA","MAGNOLIA","GRANDIFLORA","FLORE PLENO",2
"488","MAGNOLIA","MAGNOLIA","GRANDIFLORA","GALISSONIENSIS",1
"489","MAGNOLIA","MAGNOLIA","KOBUS","",15
"490","MAGNOLIA","MAGNOLIA","NIGRA","",1
"491","MAGNOLIA","MAGNOLIA","SIEBOLDII","",2
"492","MAGNOLIA","MAGNOLIA","SOULANGEANA","",14
"493","MAGNOLIA","MAGNOLIA","SOULANGEANA","LENNEI",6
"494","MAGNOLIA","MAGNOLIA","SOULANGEANA","STAR WARS",3
"495","MAGNOLIA","MAGNOLIA","SP.","",2
"496","MAGNOLIA","MAGNOLIA","STELLATA","",8
"497","MAGNOLIA","MAGNOLIA","SUSAN","",3
"498","MAGNOLIA","MAGNOLIA","VIRGINIANA","",1
"499","MAGNOLIA","MAGNOLIA","X LOBNERI","MERRILL",6
"500","MARGOUSIER","MELIA","AZEDARACH","",2
"501","MARRONIER","AESCULUS","","",42
"502","MARRONIER","AESCULUS","","BRIOTII",1
"503","MARRONIER","AESCULUS","HIPPOCASTANUM","",20
"504","MARRONIER","AESCULUS","HYPPOCASTANUM","",153
"505","MARRONIER","AESCULUS","LUTEA","",2
"506","MARRONIER","AESCULUS","PAVIA","",1
"507","MARRONIER","AESCULUS","SP.","",1
"508","MARRONIER","AESCULUS","X CARNEA","",11
"509","MARRONIER","AESCULUS","X CARNEA","BRIOTII",9
"510","MELEZE","LARIX","","",1
"511","MELEZE","LARIX","DECIDUA","",2
"512","MELEZE","LARIX","EUROPEA","",2
"513","MELEZE","LARIX","KAEMPFERI","",2
"514","MELEZE","MELEZE","","",1
"515","MELIA","MELIA","AZEDARACH","",5
"516","MICOCOULIER","CELTIS","","",6
"517","MICOCOULIER","CELTIS","AUSTRALIS","",31
"518","MICOCOULIER","CELTIS","OCCIDENTALIS","",1
"519","MIMOSA DU CHILI","AZARA","MACROPHYLLA","",3
"520","MURIER","MORUS","","",7
"521","MURIER","MORUS","ALBA","",1
"522","MURIER","MORUS","ALBA","PENDULA",1
"523","MURIER","MORUS","AUTRE","",1
"524","MURIER","MORUS","KAGAYAMAE","",26
"525","MURIER","MORUS","NIGRA","",2
"526","MURIER  A PAPIER","AUTRE","AUTRE","",2
"527","NEFLIER","MESPILUS","DOMESTICA","",1
"528","NEFLIER","MESPILUS","GERMANICA","",33
"529","NOISETIER","CORYLUS","","",17
"530","NOISETIER","CORYLUS","AUTRE","",8
"531","NOISETIER","CORYLUS","AUTRE","AUTRE",2
"532","NOISETIER","CORYLUS","AVELLANA","",40
"533","NOISETIER","CORYLUS","AVELLANA","TORTUOSA",5
"534","NOISETIER","CORYLUS","COLURNA","",52
"535","NOISETIER","COTONEASTER","","",4
"536","NOYER","JUGLANS","","",3
"537","NOYER","JUGLANS","","AUTRE",4
"538","NOYER","JUGLANS","AUTRE","",3
"539","NOYER","JUGLANS","NIGRA","",28
"540","NOYER","JUGLANS","REGIA","",22
"541","NOYER","JUGLANS","REGIA","FRANQUETTE",1
"542","NOYER","JUGLANS","REGIA","LACINIATUM WIERI",1
"543","NOYER","PTEROCARYA","FRAXINIFOLIA","",1
"544","NOYER DU CAUCASE","PTEROCARYA","","",2
"545","NOYER DU CAUCASE","PTEROCARYA","FRAXINIFOLIA","",8
"546","ORANGER DES OSAGES","MACLURA","","",1
"547","ORANGER DES OSAGES","MACLURA","POMIFERA","",2
"548","ORME","ULMUS","","",40
"549","ORME","ULMUS","","FASTIGIATA",1
"550","ORME","ULMUS","AMERICANA","",1
"551","ORME","ULMUS","AUTRE","",2
"552","ORME","ULMUS","AUTRE","LOBEL",3
"553","ORME","ULMUS","CORDATA","",1
"554","ORME","ULMUS","GLABRA","",18
"555","ORME","ULMUS","HOLLANDICA","AUTRE",1
"556","ORME","ULMUS","MINOR","",13
"557","ORME","ULMUS","RESISTA","SAPPORO GOLD",8
"558","ORME DE SAMARIE","PTELEA","TRIFOLIATA","",6
"559","ORME DU JAPON","ZELKOVA","","",1
"560","ORME DU JAPON","ZELKOVA","CARPINIFOLIA","",23
"561","ORME DU JAPON","ZELKOVA","CRENATA","",30
"562","ORME DU JAPON","ZELKOVA","SERRATA","",12
"563","PALMIER","CHAMAEROPS","","",18
"564","PALMIER","CHAMAEROPS","EXCELSA","",14
"565","PALMIER","CHAMAEROPS","FORTUNEI","",7
"566","PALMIER","CHAMAEROPS","HUMILIS","",10
"567","PALMIER CHANVRE","TRACHYCARPUS","","",17
"568","PALMIER CHANVRE","TRACHYCARPUS","FORTUNEI","",8
"569","PARROTIE","HAMAMELIS","INTERMEDIA","",3
"570","PARROTIE","PARROTIOPSIS","JACQUEMONTIANA","",1
"571","PAULOWNIA","PAULOWNIA","TOMENTOSA","",2
"572","PAUMOWNIA","PAULOWNIA","","",9
"573","PAUMOWNIA","PAULOWNIA","AUTRE","",2
"574","PAUMOWNIA","PAULOWNIA","IMPERIALIS","",13
"575","PAUMOWNIA","PAULOWNIA","STILIGENSIS","",1
"576","PAUMOWNIA","PAULOWNIA","TOMENTOSA","",19
"577","PEUPLIER","","","",1
"578","PEUPLIER","POPULUS","","",27
"579","PEUPLIER","POPULUS","ALBA","",90
"580","PEUPLIER","POPULUS","ALBA","AUTRE",3
"581","PEUPLIER","POPULUS","AUTRE","",90
"582","PEUPLIER","POPULUS","AUTRE","AUTRE",1
"583","PEUPLIER","POPULUS","LASIOCARPA","",1
"584","PEUPLIER","POPULUS","NIGRA","",13
"585","PEUPLIER","POPULUS","NIGRA","ITALICA",22
"586","PEUPLIER","POPULUS","TREMULA","",18
"587","PHOTINIA","PHOTINIA","","",1
"588","PHOTINIA","PHOTINIA","FRASERI","RED ROBIN",4
"589","PHOTINIA","PHOTINIA","X FRASERI","RED ROBIN",3
"590","PIN","PINUS","","",496
"591","PIN","PINUS","","AUSTRIACA",2
"592","PIN","PINUS","","UMBRACULIFERA",1
"593","PIN","PINUS","AUTRE","",6
"594","PIN","PINUS","AUTRE","AUTRE",2
"595","PIN","PINUS","BUNGEANA","",5
"596","PIN","PINUS","EXCELSA","",9
"597","PIN","PINUS","INSIGNIS","",35
"598","PIN","PINUS","MUGO","",2
"599","PIN","PINUS","MUGO","MUGHUS",1
"600","PIN","PINUS","NIGRA","",146
"601","PIN","PINUS","NIGRA","AUSTRIACA",90
"602","PIN","PINUS","NIGRA","AUTRE",7
"603","PIN","PINUS","NIGRA","CORSICANA",3
"604","PIN","PINUS","NIGRA","LARICIO",2
"605","PIN","PINUS","PARVIFLORA","",1
"606","PIN","PINUS","PARVIFLORA","GLAUCA",3
"607","PIN","PINUS","PINASTER","",49
"608","PIN","PINUS","PINEA","",23
"609","PIN","PINUS","PONDEROSA","",1
"610","PIN","PINUS","RADIATA","",4
"611","PIN","PINUS","SYLVATICA","",8
"612","PIN","PINUS","SYLVESTRIS","",271
"613","PIN","PINUS","SYLVESTRIS","WATERERI",1
"614","PIN PARASOL DU JAPON","SCIADOPITYS","VERTICILLATA","",3
"615","PISTACHIER","AUTRE","CHINENSIS","",1
"616","PLAQUEMINIER","DIOSPYROS","","",2
"617","PLAQUEMINIER","DIOSPYROS","KAKI","",5
"618","PLAQUEMINIER","DIOSPYROS","LOTUS","",2
"619","PLAQUEMINIER","DIOSPYROS","VIRGINIANA","",2
"620","PLATANE","PLATANUS","","",40
"621","PLATANE","PLATANUS","ACERIFOLIA","",2
"622","PLATANE","PLATANUS","AUTRE","",8
"623","PLATANE","PLATANUS","ORIENTALIS","",19
"624","PLATANE","PLATANUS","X ACERIFOLIA","",94
"625","PLATANE","PLATANUS","X HISPANICA","",22
"626","POIRIER","PYRUS","","",50
"627","POIRIER","PYRUS","","AUTRE",1
"628","POIRIER","PYRUS","","BEURRE HARDY",4
"629","POIRIER","PYRUS","","CONFERENCE",7
"630","POIRIER","PYRUS","","DOYENNE DU COMICE",3
"631","POIRIER","PYRUS","","WILLIAMS",5
"632","POIRIER","PYRUS","AUTRE","",7
"633","POIRIER","PYRUS","AUTRE","AUTRE",10
"634","POIRIER","PYRUS","CALLERYANA","",5
"635","POIRIER","PYRUS","CALLERYANA","AUTRE",5
"636","POIRIER","PYRUS","CALLERYANA","CHANTICLEER",10
"637","POIRIER","PYRUS","COMMUNIS","",19
"638","POIRIER","PYRUS","COMMUNIS","AUTRE",19
"639","POIRIER","PYRUS","COMMUNIS","BEURRE HARDY",8
"640","POIRIER","PYRUS","COMMUNIS","CONFERENCE",16
"641","POIRIER","PYRUS","COMMUNIS","DOYENNE DU COMICE",8
"642","POIRIER","PYRUS","COMMUNIS","WILLIAMS",3
"643","POIRIER","PYRUS","COMMUNIS","WILLIAMS ROUGE ®",1
"644","POIRIER","PYRUS","DOMESTICA","",3
"645","POIRIER","PYRUS","RUBRA","",1
"646","POMMIER","MALUS","","",83
"647","POMMIER","MALUS","","AUTRE",5
"648","POMMIER","MALUS","","BELCHARD",2
"649","POMMIER","MALUS","","BELLE DE BOSKOOP",9
"650","POMMIER","MALUS","","CHAILLEUX",3
"651","POMMIER","MALUS","","COX ORANGE",1
"652","POMMIER","MALUS","","ELEYI",1
"653","POMMIER","MALUS","","EVERESTE",23
"654","POMMIER","MALUS","","GOLDEN DELICIOUS",8
"655","POMMIER","MALUS","","IDARED",1
"656","POMMIER","MALUS","","MONDIAL GALA",2
"657","POMMIER","MALUS","","RED SENTINEL",18
"658","POMMIER","MALUS","","REINE DES REINETTES",24
"659","POMMIER","MALUS","","REINETTE CLOCHARD",3
"660","POMMIER","MALUS","","REINETTE D'ARMORIQUE",7
"661","POMMIER","MALUS","","REINETTE DARMORIQUE",6
"662","POMMIER","MALUS","","REINETTE DE BRETAGNE",2
"663","POMMIER","MALUS","","REINETTE DE CAUX",2
"664","POMMIER","MALUS","","REINETTE DU CANADA",2
"665","POMMIER","MALUS","","ROYAL GALA ®",2
"666","POMMIER","MALUS","AUTRE","",29
"667","POMMIER","MALUS","AUTRE","AUTRE",99
"668","POMMIER","MALUS","AUTRE","BELLE DE BOSKOOP",1
"669","POMMIER","MALUS","AUTRE","CHAILLEUX",1
"670","POMMIER","MALUS","AUTRE","EVERESTE",34
"671","POMMIER","MALUS","AUTRE","REINE DES REINETTES",2
"672","POMMIER","MALUS","AUTRE","REINETTE D'ARMORIQUE",1
"673","POMMIER","MALUS","AUTRE","REINETTE DU CANADA",1
"674","POMMIER","MALUS","COMMUNIS","",79
"675","POMMIER","MALUS","COMMUNIS","AUTRE",4
"676","POMMIER","MALUS","COMMUNIS","BELLE DE BOSKOOP",4
"677","POMMIER","MALUS","COMMUNIS","CHAILLEUX",5
"678","POMMIER","MALUS","COMMUNIS","COX ORANGE",4
"679","POMMIER","MALUS","COMMUNIS","REINE DES REINETTES",4
"680","POMMIER","MALUS","COMMUNIS","REINETTE DU CANADA",4
"681","POMMIER","MALUS","COMMUNIS","REINETTE GRISE DE LORIENT",1
"682","POMMIER","MALUS","CORONARIA","CHARLOTTAE",1
"683","POMMIER","MALUS","DOMESTICA","",32
"684","POMMIER","MALUS","DOMESTICA","AUTRE",12
"685","POMMIER","MALUS","DOMESTICA","BELCHARD",2
"686","POMMIER","MALUS","DOMESTICA","BELLE DE BOSKOOP",8
"687","POMMIER","MALUS","DOMESTICA","BOSKOOP ROUGE",1
"688","POMMIER","MALUS","DOMESTICA","CHAILLEUX",8
"689","POMMIER","MALUS","DOMESTICA","GOLDEN DELICIOUS",1
"690","POMMIER","MALUS","DOMESTICA","IDARED",2
"691","POMMIER","MALUS","DOMESTICA","REINE CLOCHARD",2
"692","POMMIER","MALUS","DOMESTICA","REINE DES REINETTES",14
"693","POMMIER","MALUS","DOMESTICA","REINETTE CLOCHARD",1
"694","POMMIER","MALUS","DOMESTICA","REINETTE D'ARMORIQUE",9
"695","POMMIER","MALUS","DOMESTICA","REINETTE DU CANADA",5
"696","POMMIER","MALUS","DOMESTICA","REINETTE GRISE DE LORIENT",3
"697","POMMIER","MALUS","ELEYI","",6
"698","POMMIER","MALUS","FLORIBUNDA","",25
"699","POMMIER","MALUS","FLORIBUNDA","EVERESTE",8
"700","POMMIER","MALUS","GOLDEN HOMET","",6
"701","POMMIER","MALUS","HYBRIDE","EVERESTE",16
"702","POMMIER","MALUS","PERPETU","EVERESTE",6
"703","POMMIER","MALUS","SIEBOLDII","",2
"704","POMMIER","MALUS","SP.","",1
"705","POMMIER","MALUS","SYLVESTRIS","",20
"706","POMMIER","MALUS","TSCHONOSKII","",3
"707","POMMIER","MALUS","X EVERESTE","",2
"708","PRUNIER","PRUNUS","DOMESTICA","",2
"709","PRUNIER","PRUNUS","MAACKII","AMBER BEAUTY",5
"710","ROBINIER","ROBINIA","","",15
"711","ROBINIER","ROBINIA","AUTRE","AUTRE",2
"712","ROBINIER","ROBINIA","BESSONIANA","",1
"713","ROBINIER","ROBINIA","PSEUDOACACIA","",51
"714","ROBINIER","ROBINIA","PSEUDOACACIA","AMBIGUA DECAISNEANA",1
"715","ROBINIER","ROBINIA","PSEUDOACACIA","AUTRE",1
"716","ROBINIER","ROBINIA","PSEUDOACACIA","FRISIA",15
"717","ROBINIER","ROBINIA","PSEUDOACACIA","UMBRACULIFERA",71
"718","ROBINIER","ROBINIA","PSEUDOACACIA","UNIFOLIA",2
"719","ROSE DE CHINE","HIBISCUS","","",2
"720","ROSE DE CHINE","HIBISCUS","SYRIACUS","",8
"721","SAPIN","ABIES","","",13
"722","SAPIN","ABIES","ALBA","",1
"723","SAPIN","ABIES","AUTRE","",1
"724","SAPIN","ABIES","CEPHALONICA","",2
"725","SAPIN","ABIES","CONCOLOR","",1
"726","SAPIN","ABIES","GRANDIS","",15
"727","SAPIN","ABIES","NORDMANIANA","",17
"728","SAPIN","ABIES","NUMIDICA","",1
"729","SAPIN","ABIES","PUNGENS","KOSTER",3
"730","SAPIN D'EAU","METASEQUOIA","","",2
"731","SAPIN D'EAU","METASEQUOIA","GLYPTOSTROBOIDES","",5
"732","SAPIN DE DOUGLAS","PSEUDOTSUGA","","",11
"733","SAPIN DE DOUGLAS","PSEUDOTSUGA","DOUGLASII","",22
"734","SAPIN DE DOUGLAS","PSEUDOTSUGA","DOUGLASII","GLAUCA",1
"735","SAPIN DE DOUGLAS","PSEUDOTSUGA","MENZIESII","",16
"736","SAUL","SALIX","ALBA","TETARD",1
"737","SAULE","SALIX","","",46
"738","SAULE","SALIX","","TRISTIS",2
"739","SAULE","SALIX","ACERIFOLIA","",7
"740","SAULE","SALIX","ALBA","",62
"741","SAULE","SALIX","ALBA","AUTRE",23
"742","SAULE","SALIX","ALBA","CHERMESINA",67
"743","SAULE","SALIX","ALBA","LIEMPDE",1
"744","SAULE","SALIX","ALBA","TETARD",8
"745","SAULE","SALIX","ALBA","TRISTIS",13
"746","SAULE","SALIX","AUTRE","",35
"747","SAULE","SALIX","AUTRE","AUTRE",6
"748","SAULE","SALIX","BABYLONICA","",29
"749","SAULE","SALIX","BABYLONICA","PENDULA",3
"750","SAULE","SALIX","CAPREA","",9
"751","SAULE","SALIX","HOOKERIANUM","",1
"752","SAULE","SALIX","ROSEMARINIFOLIA","",1
"753","SAULE","SALIX","SACCHARINUM","",3
"754","SAULE","SALIX","SACHALINENSIS","SEKKA",1
"755","SAULE","SALIX","VIMINALIS","",15
"756","SAULE","SALIX","VIMINALIS","AUTRE",20
"757","SAVONNIER","KOELREUTERIA","","",15
"758","SAVONNIER","KOELREUTERIA","JAPONICA","",1
"759","SAVONNIER","KOELREUTERIA","PANICULATA","",127
"760","SEQUOIA","SEQUOIA","","",15
"761","SEQUOIA","SEQUOIA","GIGANTEA","",12
"762","SEQUOIA","SEQUOIA","SEMPERVIRENS","",41
"763","SEQUOIA","SEQUOIADENDRON","GIGANTEA","",6
"764","SOPHORA DU JAPON","STYPHNOLOBIUM","JAPONICUM","",9
"765","SOPHORA DU JAPON","STYPHNOLOBIUM","JAPONICUM","PENDULA",1
"766","SORBIER","SORBUS","","",38
"767","SORBIER","SORBUS","ARIA","",3
"768","SORBIER","SORBUS","ARIA","ALBA",1
"769","SORBIER","SORBUS","AUCUPARIA","",38
"770","SORBIER","SORBUS","AUCUPARIA","AUTRE",1
"771","SORBIER","SORBUS","AUTRE","FASTIGIATA",1
"772","SORBIER","SORBUS","DOMESTICA","",26
"773","SORBIER","SORBUS","DOMESTICA","AUTRE",2
"774","SORBIER","SORBUS","INTERMEDIA","",1
"775","SORBIER","SORBUS","TORMINALIS","",63
"776","SUMAC DE VIRGINIE","RHUS","THYPHINA","",1
"777","SUMAC DE VIRGINIE","RHUS","TYPHINA","",1
"778","SUREAU","SAMBUCUS","","",2
"779","SUREAU","SAMBUCUS","NIGRA","",1
"780","SUREAU","SAMBUCUS","NIGRA","LACINATIA",2
"781","THUYA","THUYA","","",34
"782","THUYA","THUYA","","EMERAUDE",1
"783","THUYA","THUYA","","ZEBRINA",1
"784","THUYA","THUYA","AUTRE","AUREA",1
"785","THUYA","THUYA","BACCATA","",3
"786","THUYA","THUYA","CORÉE","",1
"787","THUYA","THUYA","KORAIENSIS","",1
"788","THUYA","THUYA","OCCIDENTALIS","",1
"789","THUYA","THUYA","ORIENTALIS","",1
"790","THUYA","THUYA","ORIENTALIS","EMERAUDE",19
"791","THUYA","THUYA","PLICATA","",40
"792","THUYA","THUYA","PLICATA","ATROVIRENS",1
"793","THUYA","THUYA","PLICATA","VARIEGATA",2
"794","THUYA","THUYA","PLICATA","ZEBRINA",7
"795","THUYA DU JAPON","THUJOPSIS","","",1
"796","THUYA DU JAPON","THUJOPSIS","DOLABRATA","",1
"797","TILLEUL","TILIA","","",135
"798","TILLEUL","TILIA","AMERICANA","MACROPHYLLA",3
"799","TILLEUL","TILIA","ARGENTEA","",7
"800","TILLEUL","TILIA","AUTRE","",37
"801","TILLEUL","TILIA","CORDATA","",88
"802","TILLEUL","TILIA","HENRYANA","",5
"803","TILLEUL","TILIA","LACINIATA","",1
"804","TILLEUL","TILIA","PLATYPHYLLOS","",139
"805","TILLEUL","TILIA","PLATYPHYLLOS","LACINATIA",2
"806","TILLEUL","TILIA","TOMENTOSA","",90
"807","TILLEUL","TILIA","X EUCHLORA","",205
"808","TORREYA DE CHINE","TORREYA","GRANDIS","",6
"809","TROENE","LIGUSTRUM","","",4
"810","TROENE","LIGUSTRUM","IBOTA","",22
"811","TROENE","LIGUSTRUM","LUCIDUM","",6
"812","TROENE","LIGUSTRUM","VULGARIS","",1
"813","TSUGA","TSUGA","","",4
"814","TSUGA","TSUGA","CANADENSIS","",1
"815","TULIPIER DE VIRGINIE","LIRIODENDRON","","",4
"816","TULIPIER DE VIRGINIE","LIRIODENDRON","TULIPIFERA","",68
"817","TULIPIER DE VIRGINIE","LIRIODENDRON","TULIPIFERA","AUREA",1
"818","TULIPIER DE VIRGINIE","LIRIODENDRON","TULIPIFERA","FASTIGIATA",1
"819","TUPELO","NYSSA","SYLVATICA","",4
"820","TUPELO NOIR","NYSSA","SYLVATICA","",2
"821","ULMO","EUCRYPHIA","","",1
"822","VIORNE","VIBURNUM","","",6
"823","VIORNE","VIBURNUM","RHYTIDOPHYLLUM","",1
"824","VIRGILIER","CLADASTRIS","KENTUKEA","",6
"825","VIRGILIER","CLADASTRIS","LUTEA","",12
